Name,Country,Email
"ADEGA COOPERATIVA DE ALMEIRIM, CRL.",Portugal,marketing@adegaalmeirim.pt
AG VINS,France,contactpro@agvins.fr
AMORIM CORK,Portugal,info.ac@amorim.com
ARTEBOTTI  SRLS,Italy,info@artebotti.com
BARRIS.PT,Portugal,geral@barris.pt
BASTIDE DE FAVE,France,laure.fil@bastidedefave.com; benoit.fil@bastidedefave.com
BIO NARANJA,Spain,bionaranja@gmail.com
BIOWEINREICH - ÖKOLOGISCHER WEINHANDEL THOMAS REICH,Germany,info@bioweinreich.com
BOLNEY WINE ESTATE,United Kingdom,events@bolneywineestate.com; tours@bolneywineestate.com; eighteenacre@bolneywineestate.com; customerservice@bolneywineestate.com; shop@bolneywineestate.com; trade@bolneywineestate.com; media@bolneywineestate.com
BONTAP,Spain,info@bontap.com
BORFLEX SERVICES,France,commercial@borflex-group.com
BRUNO WOLHFARTH,Italy,info@wolhfarth.it
CADALPE SRL,Italy,info@cadalpe.com
CADES PENEDES,Spain,alvinesa@alvinesa.com
CANTINA24,Germany,kundenservice@cantina24.de
CAVES SUNNEN-HOFFMANN,Luxembourg,info@caves-sunnen.lu
CDA,France,contact@cdafrance.com
CHAMPAGNE CLAUDE PERRARD,France,champagneclaudeperrard@gmail.com
CHARDONNAY MEERDAEL,Belgium,paul.vleminckx@skynet.be
COMERCIALIZADORA ENEO SL.,Spain,soto@comercialeneo.com
CONTUCCI DI ALAMANNO CONTUCCI & C. SOCIETA' AGRICOLA S.A.S.,Italy,ccohen0404@gmail.com
DEFFRENNES,France,contact@deffrennes.fr
DENBIES WINE ESTATE,United Kingdom,events@denbiesvineyard.co.uk
DOMAINE DE MAS CARON,France,domainemascaron@gmail.com
DOMAINE DE MONT-AIGU,France,contact@etre-visible.local.fr
DOMAINE GAEL MARTIN,France,contact@domaine-gaelmartin.fr
DOMAINE LE BOUT DU LIEU,France,bonjour@domainebdl.com
ECCELSIA DI FEDERICA GRISO,Italy,aps@eccelsia.it
ELECTRON INDUSTRIAL MACHINES,Italy,amministrazione@electronweb.it; tecnico@electronweb.it
ENOLTA MAPAN SRL,Italy,info@enoltamapan.it
"HELEXO GREEK WINES,BEER & SPIRITS",Greece,info@helexo.com; info@helexo.de
HILLEBRANDT GLAS,Germany,h.hillebrandt@hillebrandt-glas.de; bierwagen@hillebrandt-glas.de; t.hillebrandt@hillebrandt-glas.de; kontakt@hillebrandt-glas.de; d.loschkin@hillebrandt-glas.de; keskin@hillebrandt-glas.de; accounting@hillebrandt-glas.de; k.hillebrandt@hillebrandt-glas.de; c.hillebrandt@hillebrandt-glas.de; r.harning@hillebrandt-glas.de; order@hillebrandt-glas.de; pramschiefer@hillebrandt-glas.de
HORN KARTONAGEN GMBH,Austria,marousek@horn-karton.at; haeuseler@horn-karton.at; produktion@horn-karton.at; braun@horn-karton.at; patko@horn-karton.at; horn.h@horn-karton.at; office@horn-karton.at; hartmann@horn-karton.at; hoeller@horn-karton.at; bolz@horn-karton.at
HUCATRANS - HUMANEZ Y CALACO S.L.,Spain,logistica@transporteshucatrans.com; administracion@transporteshucatrans.com; facturacion@transporteshucatrans.com
ID LABO,France,info@id-labo.f
ITALYABROAD.COM,United Kingdom,info@italyabroad.com
ITOCHU ITALIANA,Italy,battimellid@itochu.it; hijikatam@itochu.it
"J. M. GONÇALVES - TANOARIA, LDA",Portugal,comercial@jmgoncalves.com
KRESPA,Poland,biuro@krespa.pl
LA CENTRALE DES VINS,France,contact@lacentraledesvins.fr
LA MARE WINE ESTATE,United Kingdom,info@lamarewineestate.com
LE COUSTELOUS,France,contact@coustelous.fr
LES CAVES DE MON PERE,France,contact@cavesdemonpere.com
"LEST TRADING, LDA - PORT LINE",Portugal,vdipatov@sapo.pt
LIEPAJAS PAPIRS,Latvia,evita@lp.lv; lp@liepajaspapirs.lv; gramatvediba@lp.lv; lp@lp.lv; kristine.g@lp.lv; eksports@lp.lv; rekini@lp.lv; gundars@lp.lv; kristine@lp.lv; anda@lp.lv; liva.bunce@lp.lv; roze@lp.lv; beate@lp.lv; noliktava@lp.lv; lolita@lp.lv; krista@lp.lv; una@lp.lv; liva@lp.lv; ilze@lp.lv; liva.elerte@lp.lv; andrejs@lp.lv
LLENASNATURCORK,Spain,info@llenasnaturcork.com
"LMH-WINES, LDA",Portugal,info@lmh-wines.com
LUSO BARREL,Portugal,info@lusobarrel.com
MARCO MORA CENTRIFUGHE INDUSTRIALI USATE,Italy,info@marcomoracentrifughe.it
MARQUÉS DE CÁCERES,Spain,export@marquesdecaceres.com; comunicacion@marquesdecaceres.com
MH WINES,Netherlands,info@mhwines.nl
OS SALEIROS,Portugal,info@saleiros.pt
PACKMARKT,Greece,retail@packmarkt.com
QUESOS ROCINANTE S.L.,Spain,rocinante@rocinante.es
"QUINTA DA FONTE DO LOBO, SOCIEDADE AGRÍCOLA, LDA.",Portugal,geral@quintadafontedolobo.com; marianapetramendes@quintadafontedolobo.com; luisa.oliveira@quintadafontedolobo.com; bernardo.neto@quintadafontedolobo.com
REGUTA DI ANSELMI GIUSEPPE E LUIGI SOC. AGRICOLA S.S.,Italy,agriturismoladianselmi@gmail.com
RENDA,Italy,support@renda.net
"RUI ROBOREDO MADEIRA, VINHOS, SA",Portugal,sales@ruimadeira.pt
SCE MORIZE PERE ET FILS,France,champagnemorize@wanadoo.fr
SOBAC,France,contact@sobac.fr
SOBREDOS - PRODUÇÃO E COMÉRCIO DE VINHOS LDA. - ANETO WINES,Portugal,sms.h@sapo.pt; ruisoares@esmero.pt; q.tourais@gmail.com; anetowines@gmail.com; ruijoseoares@sapo.pt; terrus.douro@gmail.com
STANLAKE PARK WINE ESTATE LTD,United Kingdom,weddings@stanlakepark.com; natalia@stanlakepark.com; orders@stanlakepark.com; tours@stanlakepark.com
STÖLZLE LAUSITZ GMBH,Germany,mnour@ettcegypt.com; rex@katrinrex.de; shorena.ninua@hss.ge; nicola@odessasrl.com; gs@gsimport.is; alex@arona.si; c.negura@purcari.wine; sbbgroup@sbb-bg.com; hola@piramidehome.com; francisco.meneses@solerhispania.com; customerservice@globaltablewarecollective.com; import.horecaretail@gmail.com; nurmaa@tnc.mn; afortunatova@vartely.md; kib@bronnum.dk; anna.jansone@gemoss.lv; tienda@kube.com.py; verkoop@wegter.nl; ventas@inversierra.cl; gabor.rill@gmail.com; ahepler@atpgroup.com; tacotrading.co@gmail.com; weidingerglas@weidingerglas.dk; jskang@e-sunwoo.com; lgu@bentbrandt.dk; bradley.knowles@stoelzle-lausitz.com; geralbr@peixoto.pt; kelliem@fackelmann.co.nz; liza.luxe@gmail.com; vika-amore@mail.ru; vkalinin@posudaeuro.com; mihaela.ban@ivmar.hr; gilbert@hospitalityequip.com; inway@mbr.ltd; ricky_lui@126.com; kundservice@spisservis.se; nfedotova@regno.ua; post@asas.no; peeter@restatrade.ee; clientservice@isrthailand.com; kundeservice@a-brands.no; post@vinoclub.no; klaus.voelkner@stoelzle-lausitz.com; o-taskaev@restmark.by; kundservice@lagerhaus.se; sunsomaly.dbd@rakcenters.com; tourism@etcetera.md; artplate.lviv@gmail.com; bandaru@effnbee.com; post@culina.no; erika.s@sanitex.eu; vbence@progast.hu; horecamkd@gmail.com; odor.bettina@barsidebp.com; gerencia@oportomesaycocina.com; rolf-pirnstill@t-online.de; pfraikue@napevltd.com; sanja@futela.net; jan.zschiesche@stoelzle-lausitz.com; nicky@demeesternv.be; a.ferencz@gastrotech.ro; niko22@hotmail.com; piotr@zlotywidelec.pl; dejan@fiducia.si; sergey@a-g.ua; apple@qindustries.com; Timur.tashmatov@proficlubhospitality.com; andreas.gut@magu-germany.com; jevgenia@different.ee; dave.turner@stoelzle-usa.com; comercial@qualis-br.com.br; cs@endeavour.dk; herve.drouin@trezor.asia; Manfred@brewshop.no; mairita@balthos.com; seifert-gastro@gmx.de; goran.jovanovic@gastronaut.rs; verine@fieldcrestintl.com.sg; birute@sangaida.lt; grossthomas@outlook.com; wajdi@casashop.com.tr; vendas@schipperbrasil.com.br; elviskrfl@hotmail.com; steve@epbrands.co.uk; oscar@ohcindia.com; raman@softsensations.net; sajaah@bynd.co.uk; hiroshi.ishiyama@itsnetcorp.co.jp; hwl@hwl.dk; edwin@ekasaberg.com; amaren.home@gmail.com; jek@pro-vision.dk; amelie.devys@stoelzle.com; excluzion.home@mail.ru; asena@asena.az; jpm@agenturcentret.dk; seis-hans-peter@t-online.de
THE HOLY SPIRITUS BV,Netherlands,info@theholyspiritus.com; sales@theholyspiritus.com
VIGNERONS D'OLÉRON,France,export@vigneronsoleron.fr; export@vignerons-oleron.fr
VILLA CANTHUS AZ.VINICOLA,Italy,info@villacanthus.com
VIN SUR LOIRE,France,service-client@intercaves.fr
VINODELICE,France,b2b@vinodelice.com; alex@vinodelice.com
VITIKIT LIMITED,United Kingdom,info@vitikit.com
VITINFRUITS D.O.O.,Serbia,office@vitinfruits.com
WEINGESELLSCHAFT RUYTER & AST GMBH,Germany,service@ruyter-und-ast.de
WEINKONTOR FREUND GMBH,Germany,kontakt@weinkontor-freund.de
WINE IN AZORES,Portugal,info@gorgeous-azores.com
BODEGA Y VIÑEDOS MILENICO SL,Spain,milenico@milenico.com
BODEGAS BOCOPA,Spain,enoturismo@bocopa.com; tienda.online@bocopa.com
Bodegues Visendra,Spain,info@bodeguesvisendra.com
Corchos del Pigar,Spain,info@corchosdelpigar.com
Engagé srl,Italy,info@personalcrystal.it
Lantos Muanyagfeldolgozo Kft.,Hungary,info@lantoscapsule.hu
NEAR TRADE,Portugal,exemplo@mail.com
"SIVAC, SA",Portugal,visitas@sivac.pt
TIPOGRAFIA CARTOTECNICA GRAFOSTIL,Italy,amministrazione@grafostil.it
